Component,Type,Status,Dependencies,UI Integration,Data Flow,Missing Pieces,Priority,Implementation Effort,BMad Integration
DocShopApp.swift,Entry Point,✅ Working,SwiftUI,✅ Complete,App Launch,None,Low,0h,✅ Ready
ContentView.swift,Main UI,✅ Working,NavigationSplitView,✅ Complete,UI Navigation,None,Low,0h,✅ Ready
DocumentMetaData.swift,Data Model,✅ Working,Foundation,✅ Complete,Document Storage,None,Low,0h,✅ Ready
DocumentProcessor.swift,Core Logic,⚠️ Partial,SwiftSoup + FoundationModels,✅ Complete,Document Import,AI Integration,Medium,8h,⚠️ Needs BMad Integration
DocumentStorage.swift,Data Layer,✅ Working,FileManager,✅ Complete,File Operations,None,Low,0h,✅ Ready
DocLibraryIndex.swift,Data Management,✅ Working,ObservableObject,✅ Complete,Document Indexing,None,Low,0h,✅ Ready
LibraryView.swift,UI Component,✅ Working,SwiftUI,✅ Complete,Document Display,None,Low,0h,✅ Ready
DocumentDropView.swift,UI Component,✅ Working,SwiftUI + UniformTypeIdentifiers,✅ Complete,Document Import,None,Low,0h,✅ Ready
DocumentDetailView.swift,UI Component,✅ Working,SwiftUI,✅ Complete,Document Viewing,None,Low,0h,✅ Ready
DocumentTableOfContentsView.swift,UI Component,✅ Working,SwiftUI,✅ Complete,Document Navigation,None,Low,0h,✅ Ready
Project.swift,Data Model,✅ Working,Foundation,⚠️ Partial,Project Storage,Creation Workflow,High,4h,⚠️ Needs BMad Integration
ProjectOrchestrationView.swift,UI Component,⚠️ Shell Only,SwiftUI,⚠️ Partial,Project Management,Backend Logic,High,16h,❌ Missing BMad Integration
ProjectCreationView.swift,UI Component,❌ Non-functional,SwiftUI,❌ Broken,Project Creation,Complete Implementation,Critical,24h,❌ Missing BMad Integration
ProjectDetailView.swift,UI Component,⚠️ Shell Only,SwiftUI,⚠️ Partial,Project Display,Data Binding,High,12h,❌ Missing BMad Integration
AgentTypes.swift,Data Model,✅ Working,Foundation,❌ No UI,Agent Definition,UI Integration,Medium,6h,⚠️ Needs BMad Integration
AgentRegistry.swift,Core Logic,⚠️ Partial,ObservableObject,❌ No UI,Agent Management,Execution Logic,High,12h,❌ Missing BMad Integration
AgentOrchestrator.swift,Core Logic,❌ Non-functional,Combine,❌ No UI,Agent Coordination,Complete Implementation,Critical,32h,❌ Missing BMad Integration
LocalAgent.swift,Agent Implementation,❌ Non-functional,Foundation,❌ No UI,Agent Execution,AI Integration,High,20h,❌ Missing BMad Integration
RemoteAgent.swift,Agent Implementation,❌ Non-functional,Foundation,❌ No UI,Agent Communication,Network Layer,Medium,16h,❌ Missing BMad Integration
GeminiAPI.swift,AI Integration,❌ Non-functional,Foundation,❌ No UI,AI Communication,API Integration,High,12h,⚠️ Needs BMad Integration
Neo4jManager.swift,Knowledge Graph,❌ Non-functional,Foundation,❌ No UI,Graph Operations,Database Connection,Low,20h,❌ Missing BMad Integration
DocumentChunker.swift,Text Processing,❌ Non-functional,Foundation,❌ No UI,Content Processing,Implementation,Medium,8h,⚠️ Needs BMad Integration
SDKGenerator.swift,Core Feature,❌ Non-functional,Foundation,❌ No UI,Code Generation,Complete Implementation,High,24h,❌ Missing BMad Integration
TaskDistributor.swift,Task Management,❌ Non-functional,Foundation,❌ No UI,Task Assignment,Complete Implementation,Critical,16h,❌ Missing BMad Integration
SystemValidator.swift,System Health,⚠️ Partial,Foundation,⚠️ Partial,Health Monitoring,UI Integration,Medium,8h,⚠️ Needs BMad Integration
SecurityManager.swift,Security,⚠️ Partial,Foundation,❌ No UI,Security Validation,Complete Implementation,Medium,12h,⚠️ Needs BMad Integration
MemoryManager.swift,Resource Management,❌ Non-functional,Foundation,❌ No UI,Memory Optimization,Implementation,Low,8h,❌ Missing BMad Integration
DocumentLogger.swift,Logging,✅ Working,Foundation,⚠️ Partial,Log Management,None,Low,0h,✅ Ready
LogViewerView.swift,UI Component,✅ Working,SwiftUI,✅ Complete,Log Display,None,Low,0h,✅ Ready
SystemStatusView.swift,UI Component,⚠️ Partial,SwiftUI,⚠️ Partial,System Monitoring,Data Binding,Medium,6h,⚠️ Needs BMad Integration
EnhancedSettingsView.swift,UI Component,✅ Working,SwiftUI,✅ Complete,Configuration,None,Low,0h,✅ Ready
APIKeyInputView.swift,UI Component,⚠️ Partial,SwiftUI,⚠️ Partial,API Configuration,Validation Logic,Medium,4h,⚠️ Needs BMad Integration
IngestedDocument.swift,Data Model,⚠️ Partial,Foundation,❌ No UI,Document Processing,Type Conflicts,Medium,6h,⚠️ Needs BMad Integration
DocumentRelationship.swift,Data Model,✅ Working,Foundation,❌ No UI,Document Linking,UI Integration,Medium,4h,✅ Ready
ValidationResult.swift,Data Model,⚠️ Conflicts,Foundation,❌ No UI,Validation Results,Type Resolution,Medium,4h,⚠️ Needs BMad Integration
JavaScriptRenderer.swift,Web Processing,❌ Non-functional,WebKit,❌ No UI,JS Rendering,Implementation,Low,12h,❌ Missing BMad Integration
KeychainHelper.swift,Security,⚠️ Partial,Security Framework,❌ No UI,Credential Storage,Integration,Medium,6h,⚠️ Needs BMad Integration
ProgressTracker.swift,UI Utility,⚠️ Partial,Foundation,⚠️ Partial,Progress Display,Implementation,Medium,8h,⚠️ Needs BMad Integration
SmartDocumentProcessor.swift,AI Processing,❌ Non-functional,Foundation,❌ No UI,Smart Processing,AI Integration,High,16h,❌ Missing BMad Integration
SmartDuplicateHandler.swift,Deduplication,⚠️ Partial,Foundation,⚠️ Partial,Duplicate Management,Logic Completion,Medium,8h,⚠️ Needs BMad Integration
ContextManager.swift,Context Management,❌ Non-functional,Foundation,❌ No UI,Context Tracking,Implementation,High,12h,❌ Missing BMad Integration
DocumentSearchIndex.swift,Search,❌ Non-functional,Foundation,❌ No UI,Search Operations,Implementation,Medium,12h,❌ Missing BMad Integration
AIDocumentAnalyzer.swift,AI Analysis,❌ Non-functional,Foundation,❌ No UI,Document Analysis,AI Integration,High,16h,❌ Missing BMad Integration
AppleDocsSpecialist.swift,Specialized Agent,❌ Non-functional,Foundation,❌ No UI,Apple Doc Processing,Implementation,Medium,12h,❌ Missing BMad Integration
DevelopmentAgent.swift,Agent Type,❌ Non-functional,Foundation,❌ No UI,Development Tasks,Implementation,Critical,20h,❌ Missing BMad Integration
BMadOrchestrator.swift,BMad Core,⚠️ Partial,Combine,❌ No UI,BMad Coordination,Task Execution Logic,Critical,24h,⚠️ Partial Implementation
BMadAgentManager.swift,BMad Core,⚠️ Partial,Combine,❌ No UI,Agent Lifecycle,Agent Execution,Critical,16h,⚠️ Partial Implementation
BMadWorkflowEngine.swift,BMad Core,⚠️ Partial,Combine,❌ No UI,Workflow Execution,Task Implementation,Critical,20h,⚠️ Partial Implementation
BMadConfigManager.swift,BMad Core,⚠️ Partial,Foundation,❌ No UI,Configuration,YAML Parsing,High,8h,⚠️ Partial Implementation
BMadModels.swift,BMad Core,✅ Working,Foundation,❌ No UI,Data Models,None,Low,0h,✅ Ready
DocShopBMadIntegration.swift,BMad Integration,⚠️ Partial,Combine,❌ No UI,Integration Bridge,Implementation Logic,Critical,32h,⚠️ Partial Implementation
BMadDashboardView.swift,BMad UI,⚠️ Partial,SwiftUI,⚠️ Partial,BMad Interface,Backend Connection,High,16h,⚠️ Partial Implementation
BMadWorkflowCreationView.swift,BMad UI,⚠️ Partial,SwiftUI,⚠️ Partial,Workflow Creation,Backend Connection,High,12h,⚠️ Partial Implementation
DocShopBMadDashboardView.swift,BMad UI,⚠️ Partial,SwiftUI,⚠️ Partial,Integration Dashboard,Backend Connection,High,16h,⚠️ Partial Implementation